City Name,Cloudiness,Country,Date,Humidity,Lat,Lon,Max Temp,Wind Speed
East London,40,ZA,1563558024,58,-33.02,27.91,57.2,21.92
Ucluelet,20,CA,1563558025,82,48.94,-125.55,61.0,4.7
Wamba,30,CD,1563558025,83,2.14,27.99,71.59,1.63
Verkhnyaya Inta,89,RU,1563558026,92,65.99,60.32,56.47,4.97
Bara,100,NG,1563558026,86,10.41,10.6,73.39,8.66
Grindavik,40,IS,1563558026,76,63.84,-22.43,60.8,19.46
Ilo,90,PE,1563558027,72,-17.65,-71.34,62.6,8.05
Xining,15,CN,1563558027,77,36.62,101.77,48.73,4.94
Kruisfontein,100,ZA,1563558028,70,-34.0,24.73,49.45,28.63
Albany,40,US,1563557980,66,42.65,-73.75,90.0,6.93
Busselton,49,AU,1563558029,98,-33.64,115.35,46.0,29.08
Goundam,0,ML,1563558029,21,16.42,-3.66,103.99,8.72
Rikitea,96,PF,1563558030,60,-23.12,-134.97,66.19,13.73
Ushuaia,40,AR,1563557932,64,-54.81,-68.31,41.0,9.17
Esperance,90,AU,1563558030,76,-33.86,121.89,55.4,24.16
Erdaojiang,56,CN,1563558031,90,41.78,126.03,64.93,3.36
Kapaa,90,US,1563558031,88,22.08,-159.32,78.8,14.99
Cairns,0,AU,1563558032,82,-16.92,145.77,55.4,8.05
Nikolskoye,90,RU,1563558032,88,59.7,30.79,62.6,8.95
Bluff,0,AU,1563558033,59,-23.58,149.07,50.35,7.92
Klaksvik,75,FO,1563558033,100,62.23,-6.59,51.8,6.93
Luderitz,0,NA,1563558034,83,-26.65,15.16,58.45,31.05
Rome,0,IT,1563557750,51,41.89,12.48,86.0,5.82
Karaton,40,ID,1563558034,74,-6.34,106.1,80.6,3.36
Airai,1,TL,1563558035,78,-8.93,125.41,67.45,4.92
Coquimbo,0,CL,1563558035,59,-29.95,-71.34,62.6,9.17
Canutama,17,BR,1563558036,32,-6.53,-64.38,96.61,3.6
Jamestown,0,AU,1563558037,46,-33.21,138.6,50.17,13.33
Hermanus,56,ZA,1563558037,97,-34.42,19.24,52.0,1.99
Pevek,100,RU,1563558037,98,69.7,170.27,32.17,8.1
Waipawa,100,NZ,1563558038,94,-39.94,176.59,46.99,2.17
Luanda,0,AO,1563558038,83,-8.83,13.24,73.4,5.82
Bredasdorp,62,ZA,1563558039,81,-34.53,20.04,50.0,11.41
Nanortalik,21,GL,1563558039,88,60.14,-45.24,44.41,4.99
Vaini,98,IN,1563558040,89,15.34,74.49,78.25,4.12
Tasiilaq,20,GL,1563558040,70,65.61,-37.64,48.2,10.29
Hithadhoo,93,MV,1563558041,77,-0.6,73.08,83.11,16.44
Bemidji,1,US,1563558042,69,47.48,-94.89,73.99,6.93
Cabo San Lucas,20,MX,1563557772,58,22.89,-109.91,93.99,12.75
Georgetown,75,GY,1563557940,70,6.8,-58.16,86.0,9.17
Tarbagatay,20,RU,1563558043,68,51.48,107.36,71.6,2.24
Bandarbeyla,52,SO,1563558044,56,9.49,50.81,80.59,24.65
Cap Malheureux,75,MU,1563558044,83,-19.98,57.61,71.6,16.11
Atuona,41,PF,1563558044,76,-9.8,-139.03,79.51,14.29
Denpasar,32,ID,1563558045,91,-8.65,115.22,71.23,6.38
Hobart,20,AU,1563558045,86,-42.88,147.33,44.01,8.05
Mataura,100,NZ,1563558046,97,-46.19,168.86,45.0,1.99
Labuhan,63,ID,1563558046,85,-2.54,115.51,72.31,1.36
Avera,1,US,1563558047,56,33.19,-82.53,95.0,5.82
Oussouye,40,SN,1563558047,74,12.49,-16.54,87.8,6.93
Nome,1,US,1563558047,66,30.04,-94.42,93.99,8.05
Puerto Ayora,75,EC,1563558048,69,-0.74,-90.35,75.2,16.11
Cape Town,40,ZA,1563557922,71,-33.93,18.42,55.0,9.17
Nhulunbuy,7,AU,1563558049,94,-12.18,136.78,68.0,4.7
Lebu,92,ET,1563558050,88,8.96,38.73,58.63,2.77
New Norfolk,20,AU,1563558050,86,-42.78,147.06,44.01,8.05
Dalby,0,AU,1563558050,63,-27.18,151.26,34.0,1.12
Lubango,0,AO,1563558051,19,-14.92,13.49,69.8,4.7
Ribeira Brava,40,PT,1563558051,61,32.65,-17.07,77.0,12.75
Ancud,40,CL,1563558052,66,-41.87,-73.83,48.2,10.29
Mmabatho,0,ZA,1563558052,15,-25.85,25.61,59.0,5.82
Port Alfred,72,ZA,1563558053,77,-33.59,26.89,55.99,11.01
Tuktoyaktuk,90,CA,1563558053,87,69.44,-133.03,55.4,12.75
Severo-Kurilsk,77,RU,1563558054,94,50.68,156.12,48.37,7.09
Price,1,US,1563557897,13,39.6,-110.81,86.0,5.82
Qaanaaq,100,GL,1563558054,78,77.48,-69.36,40.45,7.96
Piney Green,1,US,1563558055,66,35.09,-78.48,93.99,4.7
Praia,40,BR,1563558055,46,-20.25,-43.81,69.8,12.75
Punta Arenas,0,CL,1563558056,76,-53.16,-70.91,39.2,17.22
Upernavik,98,GL,1563558056,91,72.79,-56.15,44.23,13.58
Khatanga,87,RU,1563558057,51,71.98,102.47,57.55,7.9
Hilo,90,US,1563558057,88,19.71,-155.08,79.0,5.82
Port Hueneme,90,US,1563558058,72,34.15,-119.2,75.99,4.7
Saint George,20,GR,1563558058,47,39.45,22.34,82.4,3.36
Paciran,87,ID,1563558059,77,-6.9,112.33,74.83,6.44
Beringovskiy,100,RU,1563558059,78,63.05,179.32,56.83,7.87
Byron Bay,40,AU,1563557941,93,-28.65,153.62,48.99,3.69
Sitka,0,US,1563558060,37,37.17,-99.65,98.01,13.0
Sagua la Grande,75,CU,1563558061,49,22.81,-80.07,89.6,6.93
Muli,95,CN,1563558061,94,28.08,109.56,73.39,4.76
Kathmandu,75,NP,1563557998,88,27.71,85.32,73.4,3.36
Ixtapa,40,MX,1563558062,62,20.71,-105.21,88.0,4.32
Butaritari,100,KI,1563558063,66,3.07,172.79,84.55,8.25
Ribeira Grande,40,PT,1563558064,83,38.52,-28.7,77.0,11.41
Ahome,75,MX,1563558064,59,25.92,-109.18,93.99,14.99
Thompson,40,CA,1563558054,77,55.74,-97.86,60.8,8.05
Sao Joao da Barra,75,BR,1563558065,78,-21.64,-41.05,75.2,9.17
Pemberton,74,AU,1563558066,98,-34.44,116.03,46.0,4.34
Isangel,92,VU,1563558066,74,-19.55,169.27,71.41,17.31
Lumajang,42,ID,1563558067,93,-8.14,113.22,59.35,2.24
Verkhniye Kigi,65,RU,1563558067,85,55.41,58.6,66.91,3.96
Podor,0,MR,1563558068,29,16.65,-14.96,100.4,2.24
Bubaque,80,GW,1563558068,81,11.28,-15.83,78.97,19.35
Kununurra,28,AU,1563558069,72,-15.77,128.74,59.0,2.24
Vila Franca do Campo,40,PT,1563558069,88,37.72,-25.43,73.4,13.87
Tiksi,92,RU,1563558070,81,71.64,128.87,39.19,4.85
Victoria,75,BN,1563557814,88,5.28,115.24,82.4,1.12
Caravelas,18,BR,1563558071,69,-17.73,-39.27,73.03,15.37
Wuda,59,CN,1563558071,43,39.5,106.72,75.37,5.79
Castro,40,CL,1563558072,66,-42.48,-73.76,48.2,10.29
Alofi,40,NU,1563558072,94,-19.06,-169.92,73.4,6.93
Pangnirtung,90,CA,1563558072,93,66.15,-65.72,50.0,2.24
Kamenka,23,MD,1563558073,65,48.03,28.7,67.27,2.48
Timbuktu,7,ML,1563558073,19,16.77,-3.01,105.25,5.53
Pandan,92,PH,1563558074,78,11.72,122.09,83.11,10.31
Naze,99,NG,1563558074,96,5.43,7.07,72.67,5.39
Saint-Philippe,75,CA,1563558074,66,45.36,-73.48,90.0,18.34
Ipixuna,75,BR,1563558075,55,-1.76,-48.8,87.8,11.41
Muros,20,ES,1563558076,53,42.77,-9.06,82.0,11.41
Port Elizabeth,40,US,1563558076,70,39.31,-74.98,95.0,4.7
Faya,40,SA,1563558077,13,18.39,42.45,82.4,11.41
Saint-Joseph,0,FR,1563558077,69,43.56,6.97,84.2,5.82
Olden,40,NO,1563558077,68,61.84,6.81,68.0,11.41
Sterling,1,US,1563558078,59,39.0,-77.4,97.0,5.82
Cherskiy,66,RU,1563558078,79,68.75,161.3,42.25,5.77
Narsaq,75,GL,1563558079,59,60.91,-46.05,62.6,6.93
Vanimo,84,PG,1563558080,75,-2.67,141.3,82.21,5.44
Kieta,100,PG,1563558080,77,-6.22,155.63,79.69,6.31
Saldanha,0,PT,1563558081,21,41.42,-6.55,90.31,13.58
Maceio,75,BR,1563558003,74,-9.67,-35.74,78.8,13.87
Nikolayevsk-na-amure,63,RU,1563558081,99,53.14,140.72,57.37,3.29
Westport,40,US,1563558082,78,41.14,-73.36,90.0,5.82
Provideniya,67,RU,1563558082,82,64.42,-173.23,54.13,4.52
Sur,1,OM,1563558083,85,22.57,59.53,77.17,12.86
Port Macquarie,0,AU,1563558083,70,-31.43,152.91,42.8,4.7
Tulum,40,MX,1563558084,55,20.21,-87.46,91.4,6.93
Iqaluit,75,CA,1563558084,81,63.75,-68.52,48.2,9.17
Torbay,40,CA,1563558085,49,47.66,-52.73,73.99,25.28
Constitucion,75,MX,1563558085,60,23.99,-104.67,73.99,2.24
Tautira,20,PF,1563558086,77,-17.73,-149.15,69.8,4.7
Yerofey Pavlovich,100,RU,1563558086,92,53.97,121.97,55.21,4.81
Taganak,75,PH,1563558087,83,6.08,118.3,80.6,3.36
Saskylakh,72,RU,1563558087,50,71.97,114.09,54.13,9.6
Kutum,37,SD,1563558088,41,14.2,24.66,82.93,7.7
Cubuk,20,TR,1563558088,43,40.24,33.03,77.0,8.05
Mana,98,NG,1563558089,44,13.03,5.27,90.13,10.65
Travesia,75,HN,1563558089,58,15.87,-87.9,87.8,6.93
Tilichiki,100,RU,1563558090,99,60.47,166.1,52.33,5.23
Touros,40,BR,1563558091,78,-5.2,-35.46,80.6,12.75
Bethel,90,US,1563558092,100,60.79,-161.76,53.6,5.82
Selma,80,US,1563558092,49,32.41,-87.02,93.2,3.36
Yellowknife,40,CA,1563558092,45,62.45,-114.38,62.6,5.82
Lompoc,90,US,1563558093,87,34.64,-120.46,66.0,4.7
Bonnyville,75,CA,1563558093,64,54.27,-110.74,68.0,6.93
Codrington,0,AU,1563558094,93,-28.95,153.24,55.99,2.77
Arraial do Cabo,20,BR,1563558094,68,-22.97,-42.02,71.6,20.8
Omarska,0,BA,1563558095,35,44.89,16.9,84.2,2.24
Kuzino,100,RU,1563558095,94,57.02,59.44,66.01,2.04
Vardo,75,US,1563558096,49,39.62,-77.74,96.01,8.05
Kodiak,1,US,1563558096,59,39.95,-94.76,93.99,16.11
Praia da Vitoria,20,PT,1563557980,69,38.73,-27.07,80.6,15.86
Faanui,55,PF,1563558097,73,-16.48,-151.75,76.63,12.59
Kindu,16,CD,1563558098,45,-2.95,25.92,79.51,2.66
Insar,2,RU,1563558098,86,53.87,44.37,61.87,8.41
Lorengau,8,PG,1563558099,83,-2.02,147.27,80.41,10.69
Oban,85,GB,1563558099,78,56.42,-5.47,64.0,0.92
Ponta do Sol,27,BR,1563558099,49,-20.63,-46.0,67.63,8.23
Santa Cruz,61,BR,1563558096,46,-6.22,-36.02,84.01,15.57
Haines Junction,84,CA,1563558100,82,60.75,-137.51,53.59,6.02
Russell,1,US,1563558101,37,38.9,-98.86,100.99,19.46
Birjand,0,IR,1563558101,9,32.86,59.22,87.8,13.87
Belyy Yar,0,RU,1563558102,77,53.6,91.39,66.2,8.95
Benghazi,0,LY,1563557863,67,32.12,20.07,78.61,18.01
Veraval,75,FR,1563558103,53,49.65,0.71,79.0,5.82
Ereymentau,14,KZ,1563558103,52,51.62,73.1,66.73,6.2
Longyearbyen,75,NO,1563558104,66,78.22,15.63,50.0,11.41
Dinklage,0,DE,1563558104,47,52.66,8.12,77.0,9.17
Brownwood,1,US,1563558105,41,31.71,-98.99,91.99,18.34
Mahebourg,75,MU,1563558105,83,-20.41,57.7,71.6,16.11
Zvishavane,7,ZW,1563558105,19,-20.32,30.05,61.51,3.78
Chokurdakh,85,RU,1563558106,87,70.62,147.9,35.95,8.59
Douentza,10,ML,1563558106,25,15.01,-2.95,98.59,12.57
Nelson Bay,0,AU,1563558107,93,-32.72,152.14,51.01,4.7
Yachiyo,75,JP,1563558107,94,35.73,140.1,80.01,3.36
Jieshi,99,CN,1563558107,82,22.82,115.83,84.99,4.16
Qasigiannguit,75,GL,1563558108,93,68.82,-51.19,46.4,8.05
Salalah,75,OM,1563558109,94,17.01,54.1,80.6,3.36
Barrow,85,AR,1563558109,38,-38.31,-60.23,56.11,15.73
Kabo,62,CF,1563558110,93,7.69,18.62,72.49,3.31
Riyadh,9,SA,1563558014,11,24.63,46.72,102.2,19.46
Vostok,0,RU,1563558112,97,46.45,135.83,61.33,2.82
Huarmey,46,PE,1563558112,83,-10.07,-78.15,62.59,9.78
Iglesias,20,ES,1563558113,18,42.3,-3.99,93.99,6.93
Shetpe,16,KZ,1563558113,34,44.14,52.16,87.43,14.45
Ostrovnoy,1,RU,1563558114,92,68.05,39.51,43.15,9.62
Mayo,75,CA,1563558114,52,63.59,-135.9,66.2,3.36
Beisfjord,0,NO,1563558115,40,68.38,17.6,73.4,3.36
Kuala Terengganu,75,MY,1563558115,88,5.33,103.14,80.6,1.12
Kaitangata,100,NZ,1563558116,85,-46.28,169.85,46.99,7.0
Kailua,75,US,1563558048,94,21.39,-157.74,82.4,9.17
Awjilah,0,LY,1563558116,30,29.14,21.3,86.53,18.01
Katsuura,75,JP,1563558117,100,33.93,134.5,75.2,13.87
Sorrento,75,AU,1563558117,81,-31.82,115.75,53.01,17.22
Marsa Matruh,0,EG,1563558118,65,31.35,27.25,80.6,5.82
Mishkino,20,RU,1563558118,52,56.22,46.62,69.8,8.95
Arrifes,40,PT,1563558118,88,37.77,-25.7,73.4,13.87
Atar,0,MR,1563558119,11,20.52,-13.05,105.25,11.45
Deputatskiy,100,RU,1563558119,88,69.3,139.9,35.95,5.64
Betsiamites,90,CA,1563558120,72,48.94,-68.65,64.4,6.93
Landau,75,DE,1563558120,60,51.34,9.08,75.0,4.7
Pisco,90,PE,1563558121,30,-13.71,-76.2,71.6,5.82
Leshukonskoye,7,RU,1563558121,81,64.9,45.76,52.51,3.22
Seoul,40,KR,1563558121,78,37.57,126.98,82.4,1.12
San Cristobal,50,HN,1563558122,39,14.68,-86.92,84.19,10.78
Emba,20,CY,1563557898,78,34.81,32.42,78.8,12.75
Tevaitoa,37,PF,1563558123,80,-16.78,-151.5,75.37,20.98
Puerto Narino,75,CO,1563558123,70,-3.77,-70.38,86.0,3.36
River Falls,1,US,1563558124,74,44.86,-92.63,90.0,5.82
Grand Gaube,75,MU,1563558124,83,-20.01,57.66,71.6,16.11
Afua,99,NG,1563558125,95,5.27,7.87,72.13,5.01
Norman Wells,75,CA,1563558125,72,65.28,-126.83,68.0,6.93
Gainesville,20,US,1563558126,66,29.65,-82.33,93.0,5.82
Matasari,62,RO,1563558126,72,44.85,23.08,68.35,2.68
Nuuk,75,GL,1563558127,81,64.17,-51.74,50.0,9.17
Rovaniemi,0,FI,1563558127,67,66.5,25.72,62.6,6.93
Chamba,32,IN,1563558128,75,32.56,76.12,69.07,5.08
Maniitsoq,100,GL,1563558128,89,65.42,-52.9,44.41,3.74
Shache,4,CN,1563558129,13,38.42,77.24,84.91,6.6
Mama,20,MX,1563558129,59,20.48,-89.36,89.6,10.29
Oyama,75,JP,1563558129,94,36.31,139.8,82.0,3.36
Cidreira,83,BR,1563558130,60,-30.17,-50.22,69.43,2.37
Sault Sainte Marie,1,CA,1563558130,52,46.49,-84.36,89.6,12.75
Boiu Mare,40,RO,1563558131,44,47.4,23.58,75.2,4.7
Henties Bay,0,NA,1563558017,80,-22.12,14.28,60.01,5.01
Urengoy,6,RU,1563558132,54,65.96,78.37,72.67,13.13
Port-Gentil,75,GA,1563558075,83,-0.72,8.78,78.8,11.41
Avarua,2,CK,1563557925,100,-21.21,-159.78,66.2,2.24
Baykit,0,RU,1563558133,67,61.68,96.39,50.17,7.43
Ambon,90,FR,1563558133,77,47.55,-2.56,71.01,9.17
Aljezur,4,PT,1563558134,75,37.31,-8.8,84.99,1.01
Sorland,0,NO,1563558134,63,67.67,12.69,69.8,11.41
Honiara,20,SB,1563558135,94,-9.43,159.96,75.2,8.16
Broome,75,GB,1563558136,88,52.47,1.45,66.99,11.41
Souillac,0,FR,1563558136,39,45.6,-0.6,87.01,3.36
Silver City,1,US,1563558137,28,32.77,-108.28,89.01,17.22
Bahia Blanca,98,AR,1563557854,23,-38.72,-62.27,58.99,21.85
Ust-Tarka,20,RU,1563558137,95,55.56,75.71,63.85,7.43
Walcz,96,PL,1563558138,75,53.28,16.47,73.0,3.0
Bethanien,0,NA,1563558138,56,-26.5,17.16,51.07,9.35
Pizarro,12,CO,1563558139,80,4.95,-77.37,81.31,9.73
Port Hedland,31,AU,1563558139,93,-20.31,118.58,64.4,5.82
Plettenberg Bay,95,ZA,1563558139,78,-34.05,23.37,48.73,17.49
Viransehir,0,TR,1563558140,31,37.24,39.76,81.31,8.19
Maracaju,44,BR,1563558069,40,-21.61,-55.17,81.13,6.71
Egvekinot,100,RU,1563558141,97,66.32,-179.17,47.29,7.2
Hailar,100,CN,1563558141,97,49.2,119.7,64.75,8.63
Lerwick,20,GB,1563558141,87,60.15,-1.15,64.4,5.82
Nawa,25,IN,1563558142,50,27.02,75.0,89.77,6.78
Paamiut,100,GL,1563558143,87,61.99,-49.67,45.67,7.11
Fairbanks,75,US,1563558143,67,64.84,-147.72,64.0,5.82
Aklavik,75,CA,1563558144,87,68.22,-135.01,59.0,4.7
Turukhansk,0,RU,1563558144,51,65.8,87.96,61.69,11.95
Petropavlovsk-Kamchatskiy,20,RU,1563558145,93,53.05,158.65,59.0,6.71
Ketchikan,90,US,1563557869,93,55.34,-131.65,57.2,11.41
Mercedes,92,UY,1563558146,56,-33.25,-58.03,71.01,4.0
Port Blair,94,IN,1563558146,82,11.67,92.75,83.29,11.86
Carnarvon,53,ZA,1563558147,70,-30.97,22.13,44.41,14.29
Derzhavinsk,50,KZ,1563558147,37,51.1,66.31,78.79,5.91
Kudahuvadhoo,99,MV,1563558147,75,2.67,72.89,84.01,17.76
Taltal,0,CL,1563558148,54,-25.41,-70.49,63.31,4.79
Mwene-Ditu,0,CD,1563558148,28,-7.01,23.45,71.05,2.46
Bainbridge,1,US,1563558149,79,30.9,-84.58,93.0,5.82
Vung Tau,99,VN,1563558149,88,10.35,107.08,78.97,8.08
Quatre Cocos,75,MU,1563558150,83,-20.21,57.76,71.6,16.11
Allapalli,96,IN,1563558150,92,19.43,80.06,77.71,3.22
Rio Grande,0,BR,1563557870,60,-32.03,-52.1,71.6,8.05
Xingcheng,49,CN,1563558151,93,40.62,120.71,68.89,2.77
Talnakh,0,RU,1563558152,59,69.49,88.39,60.8,8.95
Ilulissat,75,GL,1563558153,93,69.22,-51.1,46.4,8.05
Cruzeiro do Sul,75,BR,1563558153,66,-7.63,-72.67,86.0,3.36
Coihaique,75,CL,1563557890,80,-45.58,-72.07,42.8,3.36
Thinadhoo,89,MV,1563557876,75,0.53,72.93,83.11,16.11
Uribia,19,CO,1563558154,46,11.71,-72.27,94.09,17.13
Nador,75,MA,1563558155,83,35.17,-2.93,77.0,5.82
Labytnangi,88,RU,1563558155,85,66.66,66.39,59.35,2.55
Cockburn Town,40,TC,1563557859,59,21.46,-71.14,91.4,18.34
Anadyr,75,RU,1563558156,77,64.73,177.51,59.0,4.47
Prykolotne,76,UA,1563558157,87,50.16,37.35,62.41,6.06
Duiwelskloof,0,ZA,1563558158,15,-23.69,30.14,58.81,7.56
Goma,41,CD,1563558159,86,-1.67,29.23,57.55,0.76
Noshiro,62,JP,1563558159,95,40.21,140.05,63.13,2.75
Wakkanai,54,JP,1563558159,93,45.41,141.67,65.29,12.5
Inirida,24,CO,1563558161,88,3.87,-67.92,83.11,3.31
Rongcheng,7,CN,1563558161,48,37.16,122.42,71.01,1.01
Nantucket,40,US,1563558142,78,41.28,-70.1,79.0,8.05
Burhaniye,20,TR,1563558162,45,39.51,26.98,84.2,18.34
Enshi,92,CN,1563558162,94,30.29,109.48,67.09,3.74
Karla,0,EE,1563558163,52,59.37,24.93,70.0,11.41
Ahipara,0,NZ,1563558163,73,-35.17,173.16,57.73,20.15
Maningrida,52,AU,1563558163,84,-12.05,134.23,60.07,7.83
Hofn,75,IS,1563558164,76,64.25,-15.21,55.4,12.75
Flinders,0,AU,1563558164,81,-34.58,150.85,50.0,10.29
Clyde River,75,CA,1563558165,93,70.47,-68.59,42.8,16.11
Kavaratti,100,IN,1563558165,76,10.57,72.64,81.67,21.52
Pochutla,40,MX,1563558165,52,15.74,-96.47,91.99,5.23
Dukat,14,AL,1563558166,44,40.25,19.57,78.01,7.0
Alekseyevka,0,RU,1563558166,47,53.25,50.49,77.0,2.24
Vao,38,EE,1563558167,91,59.1,26.19,60.43,2.35
Linxia,0,CN,1563558167,60,35.6,103.21,54.49,8.57
Yarmouth,20,CA,1563558168,78,43.84,-66.12,71.6,8.05
Nsanje,31,MZ,1563558168,43,-16.92,35.26,71.23,4.76
Ribas do Rio Pardo,71,BR,1563558169,33,-20.45,-53.76,84.55,6.93
Khorol,20,UA,1563558169,78,49.78,33.27,64.57,3.98
Aktau,0,KZ,1563558169,42,43.65,51.16,86.0,15.66
Scottsbluff,1,US,1563558170,31,41.87,-103.67,91.0,6.93
Dikson,15,RU,1563558171,82,73.51,80.55,40.27,21.39
Buala,22,SB,1563558171,84,-8.15,159.59,78.07,7.05
Khuzhir,35,RU,1563558172,95,53.19,107.35,55.75,0.87
Mayor Pablo Lagerenza,66,PY,1563558172,42,-19.93,-60.77,88.33,8.19
Shar,98,NG,1563558173,95,7.3,8.73,73.21,3.44
Tabas,0,IR,1563558173,8,33.6,56.92,105.8,6.93
Kaseda,100,JP,1563558174,88,31.42,130.32,78.01,13.0
Gisborne,100,NZ,1563558022,99,-38.66,178.02,51.01,4.09
Guerrero Negro,0,MX,1563558175,86,27.97,-114.04,65.83,13.58
Lodja,0,CD,1563558176,34,-3.52,23.6,79.87,2.17
Le Moule,40,GP,1563558176,66,16.33,-61.35,87.8,13.87
San Quintin,100,PH,1563558177,93,17.54,120.52,74.29,2.95
Granard,96,IE,1563558177,96,53.78,-7.49,63.67,3.4
Caranavi,34,BO,1563558177,87,-15.83,-67.57,59.35,3.67
Vasudevanallur,100,IN,1563558178,98,9.24,77.41,68.35,6.38
Les Cayes,54,HT,1563558179,76,18.19,-73.75,83.47,19.66
Hambantota,100,LK,1563558179,74,6.12,81.12,82.57,30.15
Hope,40,US,1563558179,62,33.67,-93.59,88.0,11.41
Itoman,75,JP,1563558180,83,26.12,127.67,84.2,20.8
Wonthaggi,51,AU,1563558181,79,-38.6,145.59,51.01,1.01
Khatima,61,IN,1563558181,57,28.92,79.97,86.53,5.37
Zalantun,100,CN,1563558182,93,48.0,122.72,66.37,4.41
Markova,0,RU,1563558182,82,52.21,104.21,66.2,4.47
Sistranda,75,NO,1563558183,93,63.73,8.83,60.01,4.7
Mwinilunga,10,ZM,1563558183,40,-11.73,24.43,59.71,4.27
Muisne,40,EC,1563558184,74,0.61,-80.02,86.0,5.82
Rehoboth,0,NA,1563558057,12,-23.31,17.08,54.85,7.81
Coatesville,1,US,1563557945,62,39.98,-75.82,93.99,5.82
Oyabe,90,JP,1563558185,83,36.68,136.87,79.0,3.36
Colares,20,PT,1563558186,68,38.8,-9.45,80.6,27.51
Kalabo,22,ZM,1563558186,21,-15.0,22.67,63.85,5.44
Prieska,25,ZA,1563558187,74,-29.67,22.74,47.47,17.43
Hasaki,75,JP,1563558187,94,35.73,140.83,77.0,3.36
Nushki,0,PK,1563558187,34,29.55,66.02,84.73,6.8
Chernyshevskiy,0,RU,1563558188,73,63.01,112.47,45.85,5.61
North Platte,1,US,1563558188,46,41.12,-100.77,93.99,4.5
La Ronge,75,CA,1563558189,64,55.1,-105.3,71.6,16.11
Mar del Plata,77,AR,1563558189,39,-46.43,-67.52,46.39,28.5
Raton,1,US,1563558190,15,36.9,-104.44,93.99,5.82
Mananjary,86,MG,1563558190,67,-19.16,46.8,62.77,7.23
Vieques,20,PR,1563558191,66,18.43,-65.83,93.0,13.87
Zapolyarnyy,75,RU,1563558192,93,69.43,30.82,53.6,4.7
Piacabucu,16,BR,1563558192,77,-10.41,-36.43,76.27,15.93
Conceicao da Barra,47,BR,1563558082,56,-18.59,-39.73,74.11,10.6
Kultuk,100,RU,1563558193,39,51.73,103.71,62.01,2.64
Virginia Beach,75,US,1563557538,62,36.85,-75.98,93.99,3.36
Progreso,0,UY,1563558194,63,-34.68,-56.22,68.0,9.17
Bocos,100,PH,1563558194,95,16.93,121.08,60.79,2.44
Sechura,0,PE,1563558194,92,-5.56,-80.82,61.15,14.18
Iralaya,40,HN,1563558195,70,15.0,-83.23,87.8,11.41
Bolshoy Lug,0,RU,1563558195,82,52.08,104.09,66.2,4.47
Khilchipur,73,IN,1563558196,41,24.05,76.58,92.65,5.03
Namatanai,73,PG,1563558196,83,-3.66,152.44,79.33,15.03
Kavieng,12,PG,1563558197,76,-2.57,150.8,83.47,13.15
Makakilo City,90,US,1563558198,100,21.35,-158.09,82.4,12.88
Coolum Beach,1,AU,1563558198,95,-26.53,153.09,52.0,2.68
Tezu,93,IN,1563558199,78,27.93,96.16,76.45,3.8
Nyurba,0,RU,1563558199,71,63.29,118.35,44.41,4.7
Skibbereen,75,IE,1563558200,82,51.55,-9.27,64.4,19.46
Tura,0,RU,1563558200,71,64.27,100.22,48.55,5.32
Mount Gambier,100,AU,1563558201,87,-37.83,140.78,48.2,12.75
Vredendal,55,ZA,1563558201,71,-31.68,18.49,55.21,20.78
Geraldton,20,CA,1563558202,57,49.72,-86.95,77.0,12.75
Tuatapere,44,NZ,1563558202,97,-46.13,167.69,45.0,1.99
Juneau,90,US,1563558203,100,58.3,-134.42,57.2,10.29
Hamilton,90,CA,1563557986,83,43.26,-79.87,90.0,16.11
Bhatkal,100,IN,1563558204,85,13.97,74.57,79.15,23.53
Portland,20,US,1563557376,50,43.66,-70.25,88.0,12.75
Killybegs,40,IE,1563558204,72,54.63,-8.45,60.8,9.17
Sardhana,4,IN,1563558205,56,29.15,77.61,87.61,2.19
Port Hawkesbury,1,CA,1563558206,57,45.62,-61.36,81.0,8.05
Port Lavaca,40,US,1563558207,63,28.61,-96.63,95.0,16.11
Montagnana,0,IT,1563558207,40,43.67,11.1,87.8,8.05
Kayerkan,0,RU,1563558208,59,69.35,87.76,60.8,8.95
Rorvik,0,NO,1563558208,82,64.86,11.24,66.2,8.05
Havre-Saint-Pierre,1,CA,1563558209,33,50.23,-63.6,77.0,5.82
Hibbing,40,US,1563558209,68,47.43,-92.94,73.99,13.38
Araouane,23,ML,1563558210,15,18.9,-3.53,107.41,7.45
Padang,100,ID,1563558210,79,-0.92,100.36,80.95,2.75
Raudeberg,20,NO,1563558211,77,61.99,5.14,64.4,6.93
Taksimo,99,RU,1563558211,89,56.36,114.84,55.39,3.94
Hantsport,20,CA,1563558211,50,45.06,-64.18,82.0,6.93
Roanoke Rapids,1,US,1563558142,75,36.46,-77.65,95.0,8.05
Kalevala,100,FI,1563558212,92,64.12,29.58,55.57,3.98
Marawi,80,PH,1563558213,91,8.0,124.29,77.0,7.0
Fortuna,0,ES,1563558213,38,38.18,-1.13,87.8,17.22
Talcahuano,75,CL,1563558214,76,-36.72,-73.12,55.4,10.29
Baghdad,0,IQ,1563558214,23,33.3,44.38,98.6,16.11
Laredo,1,US,1563558052,37,27.51,-99.51,99.0,19.46
Nizwa,18,OM,1563558215,44,22.93,57.53,86.17,5.88
Igrim,40,RU,1563558215,78,63.19,64.42,58.99,1.61
Nara,100,JP,1563558216,100,34.68,135.8,77.0,3.36
Sobolevo,52,RU,1563558216,88,54.43,31.9,58.09,8.63
El Alto,75,BO,1563558217,75,-16.5,-68.19,41.0,4.7
Siocon,43,PH,1563558217,85,11.03,124.04,78.43,0.16
Kahului,40,US,1563557796,74,20.89,-156.47,80.6,18.34
Zhangjiakou,99,CN,1563558218,90,40.77,114.88,64.57,3.91
Timizart,0,DZ,1563558218,70,36.8,4.25,79.15,29.24
Chapais,40,CA,1563558219,60,49.78,-74.86,75.2,12.75
Swabi,16,PK,1563558219,41,34.13,72.47,94.45,9.93
Gossas,0,SN,1563558220,39,14.49,-16.06,100.4,2.24
Alta Floresta,20,BR,1563558220,30,-9.87,-56.08,95.0,5.82
Asmar,12,AF,1563558221,83,35.03,71.36,66.01,1.48
Los Llanos de Aridane,20,ES,1563558043,64,28.66,-17.92,75.2,20.8
Floro,20,NO,1563558221,77,61.6,5.03,64.4,6.93
Vancouver,1,CA,1563558049,63,49.26,-123.12,66.0,5.82
Grootfontein,0,NA,1563558223,18,-19.56,18.1,60.8,3.36
Zhigansk,27,RU,1563558223,69,66.77,123.37,46.57,14.36
Chaman,0,AF,1563558224,9,30.92,66.46,81.85,2.24
San Andres,91,PH,1563558224,86,13.32,122.68,79.87,8.1
Sola,99,TZ,1563558225,34,-3.17,33.8,77.53,6.06
Sarkand,9,KZ,1563558226,26,45.41,79.91,74.65,4.83
Wembley,90,CA,1563558226,93,55.15,-119.14,57.2,9.17
Port Augusta,0,AU,1563558226,44,-32.49,137.76,57.2,14.99
Vesoul,0,FR,1563558227,37,47.62,6.16,84.0,3.36
Rocha,70,UY,1563558227,83,-34.48,-54.34,60.43,6.51
Richards Bay,0,ZA,1563558228,62,-28.77,32.06,73.93,15.5
Balgazyn,25,RU,1563558228,72,51.0,95.2,57.73,2.51
Chuy,60,UY,1563558229,79,-33.69,-53.46,60.25,6.38
Tazovskiy,0,RU,1563558229,65,67.47,78.7,64.75,13.18
Manjacaze,0,MZ,1563558230,26,-24.71,33.88,70.33,7.63
Berlevag,75,NO,1563558231,87,70.86,29.09,55.4,13.87
Sturgis,38,CA,1563558231,78,51.94,-102.54,59.35,12.55
Atasu,0,KZ,1563558231,42,48.68,71.64,70.33,10.42
Soller,0,DE,1563558232,36,50.73,6.56,80.01,5.82
Namibe,10,AO,1563558233,90,-15.19,12.15,68.89,14.61
Port Lincoln,0,AU,1563558233,61,-34.72,135.86,59.35,24.52
Poladpur,71,IN,1563558233,84,17.98,73.47,81.31,1.95
Srednekolymsk,99,RU,1563558234,68,67.46,153.71,42.07,4.54
Auki,94,NG,1563558234,59,12.18,6.51,83.83,7.25
Oksovskiy,70,RU,1563558235,58,62.61,39.91,62.77,6.82
Akhmim,0,EG,1563558235,23,26.56,31.74,93.2,13.87
Loreto,92,PY,1563558236,66,-23.27,-57.32,74.83,5.91
Jumla,10,NP,1563558236,93,29.28,82.18,52.87,2.55
Foumban,96,CM,1563558236,93,5.73,10.9,64.03,4.07
Kloulklubed,75,PW,1563558237,94,7.04,134.26,78.8,8.43
Najran,40,SA,1563558238,12,17.54,44.22,93.2,4.7
Clarksburg,1,US,1563558168,49,39.24,-77.28,97.0,5.66
Inuvik,90,CA,1563558238,93,68.36,-133.71,59.0,6.93
Tamandare,13,BR,1563558239,43,-8.28,-70.75,90.67,1.9
Linqiong,40,CN,1563558239,74,30.42,103.46,80.6,2.24
Urusha,100,RU,1563558240,65,54.05,122.9,58.99,6.38
Toamasina,75,MG,1563558241,88,-18.17,49.38,69.8,3.36
Gorontalo,70,ID,1563558241,94,0.54,123.06,73.03,3.02
Omboue,70,GA,1563558242,88,-1.57,9.26,75.19,13.82
Rafai,56,CF,1563558242,80,4.95,23.92,73.39,1.03
Shatsk,10,RU,1563558243,87,54.03,41.71,60.97,9.01
Husavik,0,CA,1563558243,39,50.56,-96.99,79.0,7.0
Mitsamiouli,20,KM,1563558244,78,-11.38,43.28,75.2,2.24
Abu Samrah,0,SY,1563558245,63,35.3,37.18,73.57,12.24
Rawson,78,AR,1563558245,29,-43.3,-65.11,50.89,31.09
Polonnaruwa,96,LK,1563558245,68,7.94,81.0,80.59,18.25
Comodoro Rivadavia,40,AR,1563558246,46,-45.87,-67.48,50.0,35.57
San Juan,50,AR,1563558246,15,-31.54,-68.53,62.05,4.47
Mabaruma,91,GY,1563558247,86,8.2,-59.78,81.49,4.65
Bathsheba,20,BB,1563558247,62,13.22,-59.52,87.8,17.22
Santa Cruz de la Palma,20,ES,1563558247,64,28.68,-17.76,75.2,20.8
Port Keats,0,AU,1563558248,56,-14.25,129.55,65.29,5.82
Prince Albert,90,CA,1563558106,87,53.2,-105.75,60.8,4.7
Chabahar,38,IR,1563558249,79,25.29,60.65,84.2,6.93
Macae,90,BR,1563558250,73,-22.37,-41.79,71.6,6.93
Leirvik,20,NO,1563558250,77,59.78,5.5,64.0,11.41
Sarh,0,TD,1563558250,74,9.14,18.39,84.2,4.07
Yerbogachen,6,RU,1563558251,59,61.28,108.01,50.89,9.04
Nha Trang,20,VN,1563558252,74,12.24,109.19,86.0,11.41
Flin Flon,75,CA,1563558252,88,54.77,-101.88,64.4,12.75
Bolgatanga,75,GH,1563558253,68,10.79,-0.85,81.49,9.44
Lazaro Cardenas,75,MX,1563558253,42,28.39,-105.62,87.01,4.7
Ormara,33,PK,1563558253,67,25.21,64.64,83.65,7.29
Teshie,40,GH,1563558254,94,5.58,-0.11,77.0,11.41
College,75,US,1563558254,67,64.86,-147.8,62.6,5.82
Acajutla,9,SV,1563558255,62,13.59,-89.83,84.19,6.62
Mount Isa,0,AU,1563558255,56,-20.73,139.49,41.0,10.65
Nabire,38,ID,1563558256,95,-3.36,135.5,69.97,3.49
Olinda,46,AU,1563558256,81,-37.84,145.39,51.01,12.75
Tessalit,98,ML,1563558257,9,20.2,1.01,107.59,18.84
Yuksekova,0,TR,1563558146,64,37.57,44.29,71.6,4.7
Pitimbu,75,BR,1563557982,74,-7.47,-34.81,82.4,17.22
Bolshaya Glushitsa,2,RU,1563558258,59,50.24,43.59,66.99,5.23
Dongsheng,16,CN,1563558259,85,29.72,112.52,78.25,4.07
Alenquer,75,BR,1563558259,74,-1.95,-54.74,86.0,9.17
Mugur-Aksy,68,RU,1563558260,87,50.38,90.44,40.99,2.93
Bambous Virieux,75,MU,1563558260,83,-20.34,57.76,71.6,16.11
Ayan,0,IR,1563558261,28,38.23,44.7,62.95,3.87
Vila,0,IT,1563558261,48,45.18,8.4,88.0,8.05
Buin,75,CL,1563558261,48,-33.73,-70.74,66.99,3.36
Kuito,0,AO,1563558262,21,-12.38,16.94,57.91,4.03
Ialibu,100,PG,1563558262,99,-6.28,143.99,64.21,2.01
Khani,90,GE,1563558263,88,41.96,42.96,73.4,2.24
Bonthe,100,SL,1563558263,86,7.53,-12.5,77.53,16.06
Cayenne,5,GF,1563558264,66,4.94,-52.33,89.6,11.41
Aripuana,0,BR,1563558264,22,-9.17,-60.63,96.97,4.0
Havelock,1,US,1563558265,49,34.88,-76.9,93.99,20.8
Sampit,99,ID,1563558265,97,-2.54,112.95,75.55,2.57
Tarakan,44,ID,1563558266,80,3.3,117.63,79.33,1.97
Barranca,97,PE,1563558266,80,-10.75,-77.76,62.23,8.21
Pokrovka,91,RU,1563558267,97,43.95,131.63,64.57,2.35
Yugo-Kamskiy,20,RU,1563558267,77,57.7,55.58,69.8,2.24
Muchkapskiy,19,RU,1563558268,82,51.85,42.48,63.31,8.12
Numazu,100,JP,1563558268,92,35.1,138.87,80.01,3.0
Rio Gallegos,0,AR,1563558151,52,-51.62,-69.22,42.8,11.41
Kamina,0,CD,1563558269,31,-8.74,25.0,67.09,3.76
Springfield,1,US,1563558039,55,37.22,-93.29,91.4,14.99
Fukue,75,JP,1563558270,94,35.03,136.69,78.01,3.36
Mbandaka,74,CD,1563558270,72,0.05,18.26,76.09,1.99
Hetauda,75,NP,1563558271,88,27.43,85.03,73.4,3.36
Yaan,98,NG,1563558271,95,7.38,8.57,73.21,3.44
Noumea,90,NC,1563558251,93,-22.28,166.46,59.0,3.36
Ust-Nera,100,RU,1563558272,94,64.57,143.24,34.33,8.43
Margate,20,AU,1563558273,86,-43.03,147.26,44.01,8.05
San Nicolas,90,PH,1563558273,91,16.07,120.76,77.17,2.1
Santa Fe,3,AR,1563557981,51,-31.62,-60.7,73.0,4.0
Sao Filipe,1,CV,1563558274,84,14.9,-24.5,75.73,13.89
Verkh-Usugli,100,RU,1563558275,98,52.7,115.17,58.63,4.99
Novaya Lyada,39,RU,1563558275,89,52.71,41.64,62.05,7.18
Rudnyy,40,KZ,1563558276,39,52.96,63.12,78.8,4.47
Kharan,0,PK,1563558276,38,28.58,65.42,85.99,8.34
Mokrous,21,RU,1563558276,68,51.24,47.51,69.61,5.37
Palu,31,ID,1563558277,89,-0.9,119.87,74.29,2.86
Tipuani,70,BO,1563558277,84,-15.56,-68.02,56.65,5.82
Sompeta,100,IN,1563558278,89,18.93,84.6,79.69,1.83
Tanout,100,NE,1563558278,36,14.97,8.88,93.01,13.15
Bereda,0,ES,1563558279,73,43.27,-7.54,80.01,6.93
Dawson Creek,90,CA,1563558039,87,55.76,-120.23,59.0,8.05
Garowe,43,SO,1563558279,42,8.41,48.48,84.01,24.47
Shizunai,100,JP,1563558280,98,42.33,142.37,61.15,10.54
Yumen,0,CN,1563558280,24,40.29,97.04,78.61,7.72
Samarai,97,PG,1563558281,90,-10.62,150.67,70.87,5.99
Zhezkazgan,0,KZ,1563558281,27,47.8,67.71,79.69,11.16
Finnsnes,20,NO,1563558282,42,69.23,17.98,75.2,6.93
Skelleftea,0,SE,1563558282,45,64.75,20.95,68.0,9.17
Sibu,75,MY,1563558283,94,2.29,111.83,78.8,3.11
Saint-Louis,20,SN,1563558283,66,16.03,-16.5,84.2,9.17
Bol,97,TD,1563558284,56,13.47,14.72,85.45,4.16
Diffa,100,NE,1563558284,31,13.32,12.61,94.99,6.42
Yeppoon,1,AU,1563558285,66,-23.13,150.74,48.2,4.7
Finschhafen,92,PG,1563558285,95,-6.6,147.85,64.03,2.42
Yar-Sale,33,RU,1563558285,72,66.83,70.83,69.43,3.36
Galle,93,GN,1563558286,87,10.08,-12.83,77.35,3.91
Griffith,0,AU,1563558123,93,-34.29,146.06,39.2,5.82
Inongo,99,CD,1563558287,54,-1.93,18.29,82.75,2.19
